,Unnamed: 0,Speech Level,Model,Token,SHAP Value,Cue Type
0,0,6,kobert,났,0.0667143105116944,Other
1,1,6,kobert,▁복귀,0.0669298730790615,Other
2,2,6,kobert,▁명,0.0676533388905227,Other
3,3,6,kobert,▁보,0.0684171250322833,Other
4,4,6,kobert,얼,0.0687347529456019,Other
5,5,6,kobert,힐,0.0690047262469306,Other
6,6,6,kobert,싶,0.0691670044325292,Other
7,7,6,kobert,▁일을,0.0699537117034196,Other
8,8,6,kobert,▁기,0.0702115991734899,Other
9,9,6,kobert,씨,0.0710905836895108,Other
10,10,6,kobert,춰,0.0712571786352782,Other
11,11,6,kobert,▁얼굴,0.0716400342062115,Other
12,12,6,kobert,▁편,0.071773063391447,Other
13,13,6,kobert,워,0.0720250066369772,Other
14,14,6,kobert,며,0.0732472976669669,Other
15,15,6,kobert,▁일,0.074538082582876,Other
16,16,6,kobert,▁3,0.0745934974402189,Other
17,17,6,kobert,▁걷,0.0753032825887203,Other
18,18,6,kobert,▁연,0.0758067313581705,Other
19,19,6,kobert,▁잠,0.0764183867722749,Other
20,20,6,kobert,홈쇼핑,0.0769605115056037,Other
21,21,6,kobert,▁길,0.0773447430692613,Other
22,22,6,kobert,자,0.0773829647708529,Other
23,23,6,kobert,다,0.0784587766975164,Sentence ending
24,24,6,kobert,복,0.0792764350771904,Other
25,25,6,kobert,▁모든,0.079807517118752,Other
26,26,6,kobert,▁교,0.0799464061856269,Other
27,27,6,kobert,호,0.0806758161634206,Other
28,28,6,kobert,▁그리고,0.0807308424264192,Other
29,29,6,kobert,싸움,0.0814166548661887,Other
30,30,6,kobert,들을,0.0814517671242356,Other
31,31,6,kobert,와,0.0816055089235305,Sentence ending
32,32,6,kobert,▁오,0.0828565713018179,Other
33,33,6,kobert,▁갖,0.084354774095118,Other
34,34,6,kobert,▁것,0.084563901182264,Other
35,35,6,kobert,물을,0.0848991610109806,Other
36,36,6,kobert,털,0.0850847326219081,Other
37,37,6,kobert,▁커피,0.085426521487534,Other
38,38,6,kobert,▁함,0.0855528526008129,Other
39,39,6,kobert,꼬,0.0879137576557695,Other
40,40,6,kobert,▁장난,0.0882623773068189,Other
41,41,6,kobert,어야,-0.0892948692198842,Other
42,42,6,kobert,▁좋,0.0894041550345718,Other
43,43,6,kobert,▁묘,0.0912820445373654,Other
44,44,6,kobert,절,0.0913972556591034,Other
45,45,6,kobert,▁많이,0.0919223092496395,Other
46,46,6,kobert,▁어떤,0.0925616389140486,Other
47,47,6,kobert,▁쪽,0.0932597070932388,Other
48,48,6,kobert,▁숙,0.0935670807957649,Other
49,49,6,kobert,▁치,0.0946153327822685,Other
50,50,6,kobert,색,0.0953543632058426,Other
51,51,6,kobert,▁내가,0.0965428466151934,Addressee term
52,52,6,kobert,에는,0.0971803441643714,Other
53,53,6,kobert,쿵,0.0972737986594438,Other
54,54,6,kobert,햄,0.0975734032690525,Other
55,55,6,kobert,▁식품,0.0976331830024719,Other
56,56,6,kobert,꼼,0.0982344415970146,Other
57,57,6,kobert,▁아무,0.1000314438715577,Other
58,58,6,kobert,버,0.1023514494299888,Other
59,59,6,kobert,▁누구,0.1035417877137661,Other
60,60,6,kobert,찬,0.1108190789818763,Other
61,61,6,kobert,▁차,0.1118520721793174,Other
62,62,6,kobert,이란,0.1126025393168674,Other
63,63,6,kobert,▁내리,0.1137444768100977,Other
64,64,6,kobert,▁마음,0.1148859644308686,Other
65,65,6,kobert,▁내,0.1154771000146865,Other
66,66,6,kobert,▁때문이다,0.1172543670982122,Sentence ending
67,67,6,kobert,족,0.1201293934136629,Other
68,68,6,kobert,시켜,0.122474412433803,Other
69,69,6,kobert,이었다,0.1229037220861452,Sentence ending
70,70,6,kobert,▁같다,0.1242469944991171,Sentence ending
71,71,6,kobert,협,0.1268720179796219,Other
72,72,6,kobert,▁병,0.130711153615266,Other
73,73,6,kobert,박,0.1318881744518876,Other
74,74,6,kobert,입,0.1423275042325258,Other
75,75,6,kobert,▁것이다,0.1445486834272742,Sentence ending
76,76,6,kobert,▁물어,0.1474026842042803,Sentence ending
77,77,6,kobert,라,0.1484727467340074,Sentence ending
78,78,6,kobert,▁보여주,0.1539064199023414,Other
79,79,6,kobert,▁부모,0.1569673549383878,Addressee term
80,80,6,kobert,했다,0.1570276420679874,Sentence ending
81,81,6,kobert,▁출근,0.1574070155620575,Other
82,82,6,kobert,▁먼저,0.158566303551197,Other
83,83,6,kobert,▁선생님,0.1692037628963589,Honorific marker
84,84,6,kobert,▁아니다,0.1759122794028371,Sentence ending
85,85,6,kobert,았다,0.1902064608875662,Sentence ending
86,86,6,kobert,한다,0.1909538016188889,Sentence ending
87,87,6,kobert,▁아니냐,0.2079945906880311,Sentence ending
88,88,6,kobert,봤다,0.2183137508109212,Sentence ending
89,89,6,kobert,냐,0.2259923325865782,Sentence ending
90,90,6,kobert,▁한다,0.2428649185458198,Sentence ending
91,91,6,kobert,▁됐다,0.2483879280043766,Sentence ending
92,92,6,kobert,이다,0.2530592407929362,Sentence ending
93,93,6,kobert,▁좋다,0.2643308013211936,Sentence ending
94,94,6,kobert,▁보다,0.2768959652166813,Sentence ending
95,95,6,kobert,린다,0.2938411198168372,Sentence ending
96,96,6,kobert,▁했다,0.3161874432116747,Sentence ending
97,97,6,kobert,났다,0.4192607933655381,Sentence ending
98,98,6,kobert,▁아니었다,0.4396956090349704,Sentence ending
99,99,6,kobert,▁싶다,0.4999607969075441,Sentence ending
100,100,6,multi,인 ,0.029947799369097,Other
101,101,6,multi,언제나 ,0.029983024718831,Other
102,102,6,multi,가지 ,0.0299856969247684,Other
103,103,6,multi,죽,0.030199466046838,Other
104,104,6,multi,날 ,0.0305842130269411,Other
105,105,6,multi,어,0.030674064927247,Other
106,106,6,multi,하지 ,0.0307932164271278,Other
107,107,6,multi,여,0.0309691080476568,Other
108,108,6,multi,깎,0.0318202753147716,Other
109,109,6,multi,구,0.0322243583892714,Other
110,110,6,multi,멈,0.0335524725188634,Other
111,111,6,multi,주의 ,0.0335819500917295,Other
112,112,6,multi,명,0.034338845434604,Other
113,113,6,multi,잊,0.0349790193855218,Other
114,114,6,multi,버,0.0350531509660072,Other
115,115,6,multi,하다 ,0.0355677372324407,Sentence ending
116,116,6,multi,치,0.0378604093086778,Other
117,117,6,multi,들,0.0381085927638196,Other
118,118,6,multi,라도 ,0.0386178732171629,Other
119,119,6,multi,가게 ,0.039389647884036,Other
120,120,6,multi,시,0.0408178621137267,Other
121,121,6,multi,모,0.0411450013211833,Other
122,122,6,multi,뚝,-0.0420474875501213,Other
123,123,6,multi,녀 ,0.0434996858912768,Other
124,124,6,multi,본 ,0.0452625633233765,Other
125,125,6,multi,아니,0.0457208524038321,Other
126,126,6,multi,되,0.0459774141671687,Other
127,127,6,multi,기,0.0473251374858705,Other
128,128,6,multi,쏘,0.0473775803492344,Other
129,129,6,multi,틀,0.0497044376812709,Other
130,130,6,multi,봐,0.0502101713215746,Sentence ending
131,131,6,multi,느낌이 ,-0.0512750286061418,Other
132,132,6,multi,같,0.051484209554701,Other
133,133,6,multi,밀,0.0516399655207351,Other
134,134,6,multi,겠,0.0535611223155001,Other
135,135,6,multi,참,0.0547463660586799,Other
136,136,6,multi,무,0.0558924632011894,Other
137,137,6,multi,일,0.0585043095685477,Other
138,138,6,multi,주,0.0591660753605803,Other
139,139,6,multi,꽤,0.0592499075619343,Other
140,140,6,multi,댔,0.059544608285023,Other
141,141,6,multi,모르,0.0596801017861707,Other
142,142,6,multi,됐,0.0600457222037675,Other
143,143,6,multi,좋았,0.0601199648026522,Other
144,144,6,multi,될 ,0.0620260929342748,Other
145,145,6,multi,것 ,0.0626351719547528,Other
146,146,6,multi,것은 ,0.0629943510539305,Other
147,147,6,multi,꼼,0.0687465394212267,Other
148,148,6,multi,증,0.0692231103971607,Other
149,149,6,multi,라 ,0.0709013874252377,Sentence ending
150,150,6,multi,기분 ,0.0713322101000812,Other
151,151,6,multi,싶,0.0713987107660614,Other
152,152,6,multi,뭘 ,0.0717880055171917,Other
153,153,6,multi,내고 ,0.0731041398003071,Other
154,154,6,multi,보다 ,0.0744762131826064,Sentence ending
155,155,6,multi,손,0.0758259825474851,Other
156,156,6,multi,사,0.0763660338088811,Other
157,157,6,multi,이제 ,-0.0776784217182466,Other
158,158,6,multi,부,0.0792576216763336,Other
159,159,6,multi,것이 ,0.0841584625247075,Other
160,160,6,multi,가,0.0896905822393989,Other
161,161,6,multi,줘,0.110765154258388,Other
162,162,6,multi,위한 ,0.1273911553489597,Other
163,163,6,multi,노,0.1288153807854541,Other
164,164,6,multi,다 ,0.1330230405964982,Sentence ending
165,165,6,multi,춰,0.1346657222095473,Other
166,166,6,multi,쳐,0.1403149670886705,Other
167,167,6,multi,워,0.15343846899259,Other
168,168,6,multi,마,0.1683916933725413,Other
169,169,6,multi,거,0.1934482053227384,Other
170,170,6,multi,마음이 ,0.2069569082223097,Other
171,171,6,multi,않,0.2091603795066703,Other
172,172,6,multi,원이 ,0.2295927299201139,Other
173,173,6,multi,간다,0.2685272116195847,Sentence ending
174,174,6,multi,이란,0.3172663126813404,Other
175,175,6,multi,급,0.318773704691921,Other
176,176,6,multi,해서,0.3414177350405225,Other
177,177,6,multi,이다 ,0.389024971840513,Sentence ending
178,178,6,multi,다,0.4149845988275291,Sentence ending
179,179,6,multi,보여주,0.4344356709486874,Other
180,180,6,multi,른다,0.5636919108419534,Sentence ending
181,181,6,multi,라,0.6346645653460143,Sentence ending
182,182,6,multi,았다,0.7140859608798564,Sentence ending
183,183,6,multi,이었다,0.7364636326052884,Sentence ending
184,184,6,multi,같다,0.7518190883965872,Sentence ending
185,185,6,multi,때문이다,0.7725499001544449,Sentence ending
186,186,6,multi,났다,0.78161647255547,Sentence ending
187,187,6,multi,린다,0.7905273242386102,Sentence ending
188,188,6,multi,됐다,0.821858209349557,Sentence ending
189,189,6,multi,했다,0.8372189437450288,Sentence ending
190,190,6,multi,것이다,0.9293480324868142,Sentence ending
191,191,6,multi,아니다,0.935625004769463,Sentence ending
192,192,6,multi,이다,0.9372619413401632,Sentence ending
193,193,6,multi,냐,0.9387521803272644,Sentence ending
194,194,6,multi,보다,0.973633312723905,Sentence ending
195,195,6,multi,한다,0.985068830833067,Sentence ending
196,196,6,multi,싶다,0.997355732426513,Sentence ending
197,197,6,multi,있다,0.9979377383842802,Sentence ending
198,198,6,multi,좋다,0.9982897307600068,Sentence ending
199,199,6,multi,었다,0.9987367823487148,Sentence ending
200,200,5,kobert,▁보험,0.1517082420177757,Other
201,201,5,kobert,▁누구,0.1519285182002931,Other
202,202,5,kobert,▁호,0.1526844161562621,Other
203,203,5,kobert,뒀,0.1537558061536401,Other
204,204,5,kobert,▁정,0.1542695155367255,Other
205,205,5,kobert,▁없다고,0.1556387350428849,Other
206,206,5,kobert,면서,0.155921884230338,Other
207,207,5,kobert,미,0.1563456929288804,Other
208,208,5,kobert,▁차,0.1573897031601518,Other
209,209,5,kobert,이나,0.1574510685556257,Other
210,210,5,kobert,라고,0.1582794753568513,Other
211,211,5,kobert,▁말이,0.1585277803242206,Other
212,212,5,kobert,▁좋은,0.1585551546886563,Other
213,213,5,kobert,▁게,0.1590861083241179,Other
214,214,5,kobert,팽,0.1606895732693374,Other
215,215,5,kobert,▁않아,0.1611406723968684,Other
216,216,5,kobert,▁등에,0.1612742152065038,Other
217,217,5,kobert,▁담배,0.1621826379559934,Other
218,218,5,kobert,▁통화,0.162281563039869,Other
219,219,5,kobert,▁미리,0.16338452976197,Other
220,220,5,kobert,▁자,0.1647483939304947,Other
221,221,5,kobert,▁아무,0.1658762407799562,Other
222,222,5,kobert,▁생각해,0.165913654025644,Sentence ending
223,223,5,kobert,▁일단,0.166176175000146,Other
224,224,5,kobert,▁누가,0.1664806571789086,Other
225,225,5,kobert,▁혼자,0.1666602594777941,Other
226,226,5,kobert,하게,0.1684617148712277,Sentence ending
227,227,5,kobert,해,0.1707240651335774,Sentence ending
228,228,5,kobert,▁한마디,0.173417491838336,Other
229,229,5,kobert,▁있어,0.1736950964301026,Sentence ending
230,230,5,kobert,그래,0.1748518773529213,Other
231,231,5,kobert,것,0.1749496776610613,Other
232,232,5,kobert,▁그렇게,0.1781192591879516,Other
233,233,5,kobert,▁경찰,0.1787428501993417,Other
234,234,5,kobert,▁아직,0.1790318796411156,Other
235,235,5,kobert,▁일어나,0.1811242438852787,Other
236,236,5,kobert,▁자기,0.1817148515256121,Other
237,237,5,kobert,▁의무,0.1829768288880586,Other
238,238,5,kobert,▁그리고,-0.186137045675423,Other
239,239,5,kobert,▁달라,-0.1899917321279645,Other
240,240,5,kobert,프,0.1935607967898249,Other
241,241,5,kobert,▁사람,0.194775435142219,Other
242,242,5,kobert,▁무조건,0.1952321864664554,Other
243,243,5,kobert,▁울,0.1962934667244553,Other
244,244,5,kobert,안,0.1965128886513412,Other
245,245,5,kobert,▁지켜,0.1976461037993431,Other
246,246,5,kobert,▁꽃,0.1997730573639273,Other
247,247,5,kobert,▁불러,0.203092835843563,Other
248,248,5,kobert,왜,0.2031855173408985,Other
249,249,5,kobert,섭,0.2045469684526324,Other
250,250,5,kobert,▁채,0.2055020579136908,Other
251,251,5,kobert,▁이런,0.2058563348837196,Other
252,252,5,kobert,▁의도,0.2074552022386342,Other
253,253,5,kobert,▁자리,0.2075275015085935,Other
254,254,5,kobert,▁남자,0.2078254823572933,Other
255,255,5,kobert,▁진짜,0.2088181537498409,Other
256,256,5,kobert,',0.2093625394627452,Other
257,257,5,kobert,보,0.209409998729825,Other
258,258,5,kobert,인데,0.2099152598530054,Other
259,259,5,kobert,웬,0.2102072976995259,Other
260,260,5,kobert,쪼,0.2102476423606276,Other
261,261,5,kobert,▁괜찮,0.2114846180193126,Other
262,262,5,kobert,▁바꿔,0.2130647394806146,Other
263,263,5,kobert,▁완벽,0.2147908043116331,Other
264,264,5,kobert,▁남자친구,0.2151764933951199,Other
265,265,5,kobert,▁깜짝,0.2191918591270223,Other
266,266,5,kobert,▁얼굴,0.2231944126542657,Other
267,267,5,kobert,랬,0.2268286114558577,Other
268,268,5,kobert,싸움,0.2284262613393366,Other
269,269,5,kobert,▁잡아,0.2325975278702875,Sentence ending
270,270,5,kobert,▁있었,0.2331457242835313,Other
271,271,5,kobert,▁엄마,0.2357825792860239,Addressee term
272,272,5,kobert,딘,0.2388634434901178,Other
273,273,5,kobert,▁다녀,0.2435509669594466,Other
274,274,5,kobert,났,0.2437598900869488,Other
275,275,5,kobert,▁도와,0.2454401524737477,Other
276,276,5,kobert,▁녹,0.2491157806070987,Other
277,277,5,kobert,며,0.2514554150402546,Other
278,278,5,kobert,▁들어,0.2579048345020662,Sentence ending
279,279,5,kobert,놔,0.2687272887366513,Sentence ending
280,280,5,kobert,▁부탁,0.2720136819407344,Other
281,281,5,kobert,▁편,0.2773040570318699,Other
282,282,5,kobert,뭔,0.2808312109555118,Other
283,283,5,kobert,됐,0.2826238770503551,Other
284,284,5,kobert,쏠,0.2850227414164692,Other
285,285,5,kobert,▁35,0.3043211908079684,Other
286,286,5,kobert,여,0.308782760403119,Other
287,287,5,kobert,▁가져,0.3164863707497716,Sentence ending
288,288,5,kobert,졌,0.3209012344595976,Other
289,289,5,kobert,컷,0.365185565315187,Other
290,290,5,kobert,엥,0.3656475031748414,Other
291,291,5,kobert,▁인사,0.3939134590327739,Other
292,292,5,kobert,답,0.3971382342278957,Other
293,293,5,kobert,맞,0.3992943968623876,Other
294,294,5,kobert,▁좋아,0.4018745925277471,Other
295,295,5,kobert,춤,0.4426942598074674,Other
296,296,5,kobert,뻥,0.4578449944965541,Other
297,297,5,kobert,람,0.4600551080269118,Other
298,298,5,kobert,▁없어,0.4659503906732425,Sentence ending
299,299,5,kobert,밝,0.4669111222028732,Other
300,300,5,multi,으,0.0554933270540516,Other
301,301,5,multi,있,-0.0556663712308768,Other
302,302,5,multi,하루,0.0562992240302264,Other
303,303,5,multi,검토,-0.0566095635294914,Other
304,304,5,multi,커피 ,0.0566793729085475,Other
305,305,5,multi,처럼 ,0.0573450718075037,Other
306,306,5,multi,런 ,-0.0573917850852012,Other
307,307,5,multi,알,0.0575151503532348,Other
308,308,5,multi,띠,-0.0575222307816147,Other
309,309,5,multi,가,0.057893982959416,Other
310,310,5,multi,방법,-0.0581973232328891,Other
311,311,5,multi,륭,0.0601947447285056,Other
312,312,5,multi,정리 ,0.0603532512322999,Other
313,313,5,multi,겠,-0.0605788566981573,Other
314,314,5,multi,보험 ,0.0608036836492829,Other
315,315,5,multi,올 ,0.0608216901600826,Other
316,316,5,multi,토 ,-0.0609978812281042,Other
317,317,5,multi,뚜,0.0610708300955593,Other
318,318,5,multi,찾,-0.061086390633136,Other
319,319,5,multi,냄새 ,0.0629194639113848,Other
320,320,5,multi,진 ,0.0631166695384308,Other
321,321,5,multi,하지,0.0639458345249295,Other
322,322,5,multi,궁금,-0.0651845239893494,Other
323,323,5,multi,딘,0.066668776795268,Other
324,324,5,multi,참고 ,-0.0667893377831205,Other
325,325,5,multi,찬,-0.0671725943684578,Other
326,326,5,multi,튼 ,0.0673258043825626,Other
327,327,5,multi,먹을 ,-0.069139877683483,Other
328,328,5,multi,연락,-0.0696812099922681,Other
329,329,5,multi,새 ,0.0723900124430656,Other
330,330,5,multi,셔,-0.0755408668769632,Other
331,331,5,multi,군,0.0792065411806106,Other
332,332,5,multi,소,-0.0799170068639796,Other
333,333,5,multi,해,0.0816830305893745,Sentence ending
334,334,5,multi,맞춤,-0.0828780680894851,Other
335,335,5,multi,끼,0.0843424295944714,Other
336,336,5,multi,괜찮,-0.086748544126749,Other
337,337,5,multi,팀 ,-0.0868699759666924,Other
338,338,5,multi,이나 ,-0.0894696979861085,Other
339,339,5,multi,여부 ,-0.0897570848173927,Other
340,340,5,multi,아이,0.0904778875410556,Other
341,341,5,multi,들이,-0.0912506819695408,Other
342,342,5,multi,심사 ,-0.0924602402374148,Other
343,343,5,multi,보,-0.0926599517464637,Other
344,344,5,multi,쩌,0.0931296495291462,Other
345,345,5,multi,업체,-0.09332737326622,Other
346,346,5,multi,하신 ,-0.0942001333460211,Sentence ending
347,347,5,multi,싶다,-0.1000500544905662,Sentence ending
348,348,5,multi,스,-0.1012201588600874,Other
349,349,5,multi,여기서 ,-0.1012515674374299,Other
350,350,5,multi,볼,0.1027587200514972,Other
351,351,5,multi,람,0.1082321163266897,Other
352,352,5,multi,졸,0.1120460447582445,Other
353,353,5,multi,프,-0.1131606688722968,Other
354,354,5,multi,질 ,0.1137492726556956,Other
355,355,5,multi,울,0.1139687886461615,Other
356,356,5,multi,니 ,-0.1147706504016241,Sentence ending
357,357,5,multi,책임,0.1156887928955257,Other
358,358,5,multi,그럼 ,-0.1184460805816343,Other
359,359,5,multi,씨,-0.1187629036199571,Other
360,360,5,multi,도와 ,-0.1191915911622345,Other
361,361,5,multi,영업,-0.1199294766411185,Other
362,362,5,multi,이라는 ,0.1200227132067084,Other
363,363,5,multi,선 ,-0.12007916012044,Other
364,364,5,multi,요 ,-0.1203051106640487,Sentence ending
365,365,5,multi,훌,-0.1207095473073422,Other
366,366,5,multi,끈 ,0.1237344639375805,Other
367,367,5,multi,좋겠,-0.1237816493958234,Other
368,368,5,multi,토,-0.1238121868227608,Other
369,369,5,multi,편,-0.1246680791955441,Other
370,370,5,multi,시작했다,-0.1321866270154714,Sentence ending
371,371,5,multi,가져,-0.136143347768666,Sentence ending
372,372,5,multi,네 ,-0.1376246570807779,Honorific marker
373,373,5,multi,분이,-0.1396788243309856,Honorific marker
374,374,5,multi,각,0.1410162064130418,Other
375,375,5,multi,네,-0.1454248107794755,Honorific marker
376,376,5,multi,재미있,-0.161188893020153,Other
377,377,5,multi,부탁,-0.1627468722872436,Other
378,378,5,multi,냐,-0.1805992427916862,Sentence ending
379,379,5,multi,여,-0.189609766860182,Other
380,380,5,multi,축하,-0.1926521426842858,Other
381,381,5,multi,아무,-0.1929016110952943,Other
382,382,5,multi,바 ,0.1974450202396838,Other
383,383,5,multi,튼,0.222680069040507,Other
384,384,5,multi,며,0.2235094914212823,Other
385,385,5,multi,었다,-0.2250888511534867,Sentence ending
386,386,5,multi,겠다,-0.2521404398139566,Sentence ending
387,387,5,multi,면서,0.2572484439890559,Other
388,388,5,multi,저는,-0.2778294430190726,Addressee term
389,389,5,multi,오늘은 ,-0.279917185252998,Other
390,390,5,multi,하시는 ,-0.2905604025827415,Sentence ending
391,391,5,multi,녹,0.2947994829155504,Other
392,392,5,multi,예,-0.306553310729214,Honorific marker
393,393,5,multi,았다,-0.3083504552196245,Sentence ending
394,394,5,multi,잘 ,-0.3140412168577313,Other
395,395,5,multi,시간,0.3187820189959893,Other
396,396,5,multi,의무,0.3672574069350958,Other
397,397,5,multi,같다,-0.4128602438340749,Sentence ending
398,398,5,multi,니까,-0.4479228883266917,Other
399,399,5,multi,인사,-0.4802417057217099,Other
400,400,4,kobert,▁열심히,0.0795749943354167,Other
401,401,4,kobert,목,0.0798488614382222,Other
402,402,4,kobert,줌,0.0806332761058001,Other
403,403,4,kobert,을,0.0810471620152384,Other
404,404,4,kobert,큼,0.0814715398300904,Other
405,405,4,kobert,▁있었,0.0820445285062305,Other
406,406,4,kobert,앙,0.0821513689879793,Other
407,407,4,kobert,▁요,0.0825212968532772,Sentence ending
408,408,4,kobert,러,0.0826799103815574,Other
409,409,4,kobert,이라고,0.0829525529989041,Other
410,410,4,kobert,▁줄,0.0833258189959451,Other
411,411,4,kobert,▁그런,0.0835756327578565,Other
412,412,4,kobert,▁아니,0.0839471116632921,Other
413,413,4,kobert,▁아이,0.0852784193120896,Other
414,414,4,kobert,▁내,0.0854184768395498,Other
415,415,4,kobert,거,0.0854298753450469,Other
416,416,4,kobert,▁대,0.0860353022774991,Other
417,417,4,kobert,서,0.0861234513383048,Other
418,418,4,kobert,포,0.0870972718694247,Other
419,419,4,kobert,▁친구,0.0875399827491492,Other
420,420,4,kobert,얼,0.0890281993197277,Other
421,421,4,kobert,▁응,0.0906913660001009,Other
422,422,4,kobert,▁못,0.090952168230918,Other
423,423,4,kobert,래,0.091747137659695,Other
424,424,4,kobert,스크,0.091752189269755,Other
425,425,4,kobert,기,0.095033397024963,Other
426,426,4,kobert,▁내리,0.0960278857382945,Other
427,427,4,kobert,▁그렇게,0.0962511082470882,Other
428,428,4,kobert,어,0.0982737355370773,Other
429,429,4,kobert,▁매,0.0988188853953033,Other
430,430,4,kobert,점,0.0992962715681642,Other
431,431,4,kobert,가,0.0994779445405583,Other
432,432,4,kobert,박,0.1000476154731586,Other
433,433,4,kobert,▁타이,0.1008347744937054,Other
434,434,4,kobert,▁아,0.1012817450464353,Other
435,435,4,kobert,크,0.1018910542479716,Other
436,436,4,kobert,▁부,0.103731939670979,Other
437,437,4,kobert,밍,0.1043191813514567,Other
438,438,4,kobert,▁막,0.1046358954627066,Other
439,439,4,kobert,를,0.1090796421121922,Other
440,440,4,kobert,▁같,0.109905064535269,Other
441,441,4,kobert,▁박,0.111465371446684,Other
442,442,4,kobert,해서,0.1114870195742696,Other
443,443,4,kobert,▁않,0.1123353639668494,Other
444,444,4,kobert,에도,0.1132522253319621,Other
445,445,4,kobert,▁자,0.1141485950502101,Other
446,446,4,kobert,야,0.1144247427194689,Sentence ending
447,447,4,kobert,이,0.1148453566485032,Other
448,448,4,kobert,▁오늘,0.1160247548250481,Other
449,449,4,kobert,안,0.1161158119793981,Other
450,450,4,kobert,구,0.1163710845006183,Other
451,451,4,kobert,▁보기,0.1171429693931713,Other
452,452,4,kobert,▁여자,0.1178486176067963,Other
453,453,4,kobert,▁많지,0.1184948904556222,Sentence ending
454,454,4,kobert,▁유사,0.1193703608587384,Other
455,455,4,kobert,이다,0.1199187249294482,Sentence ending
456,456,4,kobert,든,0.1215531965572154,Other
457,457,4,kobert,지는,0.1216331102186814,Other
458,458,4,kobert,했,0.1259026174375321,Other
459,459,4,kobert,달,0.1275564231909811,Other
460,460,4,kobert,니,0.1286558576233801,Sentence ending
461,461,4,kobert,▁괜찮,0.1307256268337369,Other
462,462,4,kobert,대,0.1327999432105571,Other
463,463,4,kobert,리,0.1372813487396342,Other
464,464,4,kobert,나,0.142171539413539,Other
465,465,4,kobert,▁다,0.1466574294026941,Sentence ending
466,466,4,kobert,▁회사,0.1488803337560966,Other
467,467,4,kobert,와,0.1538190990686416,Sentence ending
468,468,4,kobert,얘,0.1585873938165605,Addressee term
469,469,4,kobert,네,0.1592146961781401,Honorific marker
470,470,4,kobert,▁저,0.1719805317698046,Other
471,471,4,kobert,났,0.1762159722748038,Other
472,472,4,kobert,튼,0.1787476413883268,Other
473,473,4,kobert,▁건,0.1791582452715374,Other
474,474,4,kobert,하게,0.1884197521721944,Sentence ending
475,475,4,kobert,하,0.1916745288860208,Other
476,476,4,kobert,셨,0.1949739497213158,Honorific marker
477,477,4,kobert,생,0.1958092884160578,Other
478,478,4,kobert,▁입고,0.2004155560862273,Other
479,479,4,kobert,졌,0.2051002995576709,Other
480,480,4,kobert,▁똑같,0.2077097690780647,Other
481,481,4,kobert,▁세트,0.2101029613986611,Other
482,482,4,kobert,디,0.2140565320150926,Other
483,483,4,kobert,▁싸,0.2146919907536357,Other
484,484,4,kobert,표,0.216501361457631,Other
485,485,4,kobert,▁이전,0.2170444435905665,Other
486,486,4,kobert,▁너무,0.2171460194513201,Other
487,487,4,kobert,▁상,0.2180612080264836,Other
488,488,4,kobert,궐,0.2188082954380661,Other
489,489,4,kobert,▁있어,0.2196420556865632,Sentence ending
490,490,4,kobert,▁마,0.2199262002832256,Other
491,491,4,kobert,▁좀,0.2257286889944225,Other
492,492,4,kobert,▁보이,0.2262082391534932,Other
493,493,4,kobert,으면,0.2285478906705975,Other
494,494,4,kobert,▁미,0.2352166549535468,Other
495,495,4,kobert,▁보여,0.2355275708250701,Other
496,496,4,kobert,▁친,0.2590442344080657,Other
497,497,4,kobert,리는,0.292697090189904,Other
498,498,4,kobert,별로,0.3042276574997231,Other
499,499,4,kobert,▁그러,0.3826438707765192,Other
500,500,4,multi,갑,-0.0055438715589843,Other
501,501,4,multi,면,-0.0061522945889009,Other
502,502,4,multi,또 ,0.0063150474899202,Other
503,503,4,multi,버,0.0063160748720179,Other
504,504,4,multi,집 ,-0.0065146978863594,Other
505,505,4,multi,쌓,0.0067212074474127,Other
506,506,4,multi,같은 ,0.0069369937820056,Other
507,507,4,multi,이 ,-0.0077522794592823,Other
508,508,4,multi,씨,-0.007848791705328,Other
509,509,4,multi,짹,0.0078769489973637,Other
510,510,4,multi,짹짹,0.0080495790989516,Other
511,511,4,multi,대리,0.008081920321274,Addressee term
512,512,4,multi,지금 ,0.0081297186593474,Other
513,513,4,multi,는 ,0.0082666030692356,Other
514,514,4,multi,인 ,0.0094775176000894,Other
515,515,4,multi,리,0.0097219585234142,Other
516,516,4,multi,", ",0.0112854938387094,Other
517,517,4,multi,모,0.0114946381072513,Other
518,518,4,multi,좋은 ,0.0123561977175086,Other
519,519,4,multi,타,-0.0131144500169284,Other
520,520,4,multi,고 ,-0.0131304848619038,Other
521,521,4,multi,줌,0.01321918738779,Other
522,522,4,multi,게,-0.0134302897258749,Other
523,523,4,multi,손님,-0.015658558452003,Honorific marker
524,524,4,multi,쟤 ,0.0160153804822584,Addressee term
525,525,4,multi,한테 ,-0.0177972017423257,Honorific marker
526,526,4,multi,을,0.0202103176843593,Other
527,527,4,multi,반,0.0223336180933984,Other
528,528,4,multi,그런 ,-0.0236934145063969,Other
529,529,4,multi,내리,-0.0243854420332354,Other
530,530,4,multi,쟤,0.0248042929351868,Addressee term
531,531,4,multi,버리,-0.0263131514813039,Other
532,532,4,multi,뭐 ,0.0264604397216885,Other
533,533,4,multi,라 ,0.0340597306121708,Sentence ending
534,534,4,multi,멍,0.0376232360615063,Other
535,535,4,multi,달라 ,0.0387432282188342,Other
536,536,4,multi,지도 ,0.0410085945916307,Other
537,537,4,multi,시,0.0411280946252645,Other
538,538,4,multi,끝,0.0425165783065798,Other
539,539,4,multi,청,0.0441370565680472,Other
540,540,4,multi,지 ,-0.0471756475603797,Other
541,541,4,multi,흔들,0.0486534027193101,Other
542,542,4,multi,이나 ,0.0490793529099846,Other
543,543,4,multi,를 ,0.0508505940718653,Other
544,544,4,multi,먼,0.0578977295861022,Other
545,545,4,multi,부르,0.0587892940357051,Other
546,546,4,multi,만,0.0613658468562334,Other
547,547,4,multi,떨,0.0656780532654011,Other
548,548,4,multi,보,0.0710233925662606,Other
549,549,4,multi,얘,0.0746022881083945,Addressee term
550,550,4,multi,이,0.0769649681351047,Other
551,551,4,multi,봐 ,-0.0840138396206384,Sentence ending
552,552,4,multi,줄 ,0.0956802410510135,Other
553,553,4,multi,대,0.0985109041049554,Other
554,554,4,multi,죽,0.1122497548321916,Other
555,555,4,multi,러,0.1134748798449436,Other
556,556,4,multi,지는,0.1203106140492309,Other
557,557,4,multi,백,0.1396764510704997,Other
558,558,4,multi,누구,0.1548209500028861,Other
559,559,4,multi,이는,0.1605686095090277,Other
560,560,4,multi,신,0.1752692157695037,Other
561,561,4,multi,아니,0.1834742355958951,Other
562,562,4,multi,친,0.2359906723722815,Other
563,563,4,multi,거,0.2389593839092327,Other
564,564,4,multi,같,0.2492666517813404,Other
565,565,4,multi,괜찮,0.250121305415405,Other
566,566,4,multi,오,0.2503382164458116,Other
567,567,4,multi,나,0.2698683801150991,Other
568,568,4,multi,님이,0.3022356819037668,Honorific marker
569,569,4,multi,났,0.3046948893467818,Other
570,570,4,multi,왔,0.3353826525493844,Other
571,571,4,multi,하,0.3440986055641512,Other
572,572,4,multi,리는,0.3539665210173552,Other
573,573,4,multi,가,0.4325896221625628,Other
574,574,4,multi,않,0.4416920525918613,Other
575,575,4,multi,마,0.455949355690791,Other
576,576,4,multi,구,0.4614776094286818,Other
577,577,4,multi,없,0.4694267241428633,Other
578,578,4,multi,쳤,0.4696871389808734,Other
579,579,4,multi,만나,0.4741208025338892,Other
580,580,4,multi,회사,0.4834370971916542,Other
581,581,4,multi,네,0.4896151934288298,Honorific marker
582,582,4,multi,했,0.4926689536962385,Other
583,583,4,multi,건,0.4953178561386266,Other
584,584,4,multi,든,0.4989643629415923,Other
585,585,4,multi,그런,0.4990543162639369,Other
586,586,4,multi,똑같,0.4990794055238439,Other
587,587,4,multi,은,0.4991699795004933,Other
588,588,4,multi,그러,0.4991792222717777,Other
589,589,4,multi,졌,0.4992144328371068,Other
590,590,4,multi,웠,0.4993534857594568,Other
591,591,4,multi,있었,0.4995417280651963,Other
592,592,4,multi,쓰,0.4997754956427798,Other
593,593,4,multi,보이,0.5001950077448782,Other
594,594,4,multi,니,0.5041516127268153,Sentence ending
595,595,4,multi,셨,0.5299150431408179,Honorific marker
596,596,4,multi,겠,0.5393673086124409,Other
597,597,4,multi,이나,0.6751532764856165,Other
598,598,4,multi,하게,0.7127970935455323,Sentence ending
599,599,4,multi,하니,0.8223872263298517,Other
600,600,2,kobert,▁친,0.1106120194308459,Other
601,601,2,kobert,들,0.1108976020477712,Other
602,602,2,kobert,▁단체,0.1111065903678536,Other
603,603,2,kobert,▁발,0.1117062172852456,Other
604,604,2,kobert,▁현,0.1119935107417404,Other
605,605,2,kobert,▁말씀,0.1121762891610463,Sentence ending
606,606,2,kobert,원,0.1125132627785205,Other
607,607,2,kobert,▁보니,0.1126664374023675,Other
608,608,2,kobert,▁예,0.1133658115074715,Honorific marker
609,609,2,kobert,▁때,0.1138430659193545,Other
610,610,2,kobert,▁첫,0.1140219513326883,Other
611,611,2,kobert,쿠,0.1140853753313422,Other
612,612,2,kobert,▁업체,0.1140876855545987,Other
613,613,2,kobert,▁유,0.1141765625216066,Other
614,614,2,kobert,▁부탁,0.1142498096596682,Other
615,615,2,kobert,볼,0.1149830054491758,Other
616,616,2,kobert,▁능력,0.1158373681828379,Other
617,617,2,kobert,럴,0.1162396654253825,Other
618,618,2,kobert,니까,0.1166747598714816,Other
619,619,2,kobert,▁때문에,0.1167897125706076,Other
620,620,2,kobert,▁하고,0.1169208384817466,Other
621,621,2,kobert,쪼,0.1173468192573636,Other
622,622,2,kobert,▁온,0.1175025841221213,Other
623,623,2,kobert,▁전화,0.1178243845934048,Other
624,624,2,kobert,얘,0.1178421017248183,Addressee term
625,625,2,kobert,론,0.1180307413451373,Other
626,626,2,kobert,▁미,0.118708130903542,Other
627,627,2,kobert,영,0.1188621930778026,Other
628,628,2,kobert,▁형,0.1200264133512973,Addressee term
629,629,2,kobert,▁다시,0.120063342154026,Other
630,630,2,kobert,▁배,0.1224614639795618,Other
631,631,2,kobert,상을,0.1226712167263031,Other
632,632,2,kobert,▁입,0.1231540413573384,Other
633,633,2,kobert,▁나,0.123269782459829,Other
634,634,2,kobert,▁한번,0.1250382062862627,Other
635,635,2,kobert,▁그랬,0.1254953805037075,Other
636,636,2,kobert,▁아니라,0.1262963404296897,Other
637,637,2,kobert,▁분,0.1269328517664689,Honorific marker
638,638,2,kobert,▁급,0.1273057835060171,Other
639,639,2,kobert,톡,0.1276915436610579,Other
640,640,2,kobert,▁어디,0.1279226884944364,Other
641,641,2,kobert,▁씨,0.1290425197771078,Honorific marker
642,642,2,kobert,▁너무,0.1297652292996645,Other
643,643,2,kobert,▁들,0.1315474176662974,Other
644,644,2,kobert,안,0.1321742216629597,Other
645,645,2,kobert,▁몇,0.1325582492475708,Other
646,646,2,kobert,▁호,0.1329145431518554,Other
647,647,2,kobert,지를,0.1329542410094291,Other
648,648,2,kobert,씨,0.1333530249539762,Other
649,649,2,kobert,인데,0.1339041434926912,Other
650,650,2,kobert,▁직접,0.1343384310603141,Other
651,651,2,kobert,▁돈,0.1372037789551541,Other
652,652,2,kobert,워,0.1380389066616771,Other
653,653,2,kobert,었다,0.1380471572047099,Sentence ending
654,654,2,kobert,▁했는데,0.1395919197238981,Sentence ending
655,655,2,kobert,백,0.1399707803502679,Other
656,656,2,kobert,늦,0.1417033807374537,Other
657,657,2,kobert,됐,0.1448623688702355,Other
658,658,2,kobert,분,0.1459076555911451,Honorific marker
659,659,2,kobert,▁만,0.1499121563974768,Other
660,660,2,kobert,▁못,0.1511503874789923,Other
661,661,2,kobert,▁기,0.1563472670968622,Other
662,662,2,kobert,▁자전거,0.158682472188957,Other
663,663,2,kobert,싣,0.160233739297837,Other
664,664,2,kobert,▁해결,0.1636051908135414,Other
665,665,2,kobert,▁주문,0.1705831279978156,Other
666,666,2,kobert,군,0.1777432289673015,Other
667,667,2,kobert,▁작성,0.1797320377081632,Other
668,668,2,kobert,▁똑같,0.1803634647803846,Other
669,669,2,kobert,증,0.1805662242695689,Other
670,670,2,kobert,▁네,0.1834432838950306,Honorific marker
671,671,2,kobert,▁이래,0.1853488353081047,Other
672,672,2,kobert,하겠다,0.1890030719223432,Sentence ending
673,673,2,kobert,▁끝,0.1895828672568313,Other
674,674,2,kobert,마,0.1916038882336579,Other
675,675,2,kobert,▁같아,0.1931634053471498,Sentence ending
676,676,2,kobert,▁아나운서,0.196450206451118,Other
677,677,2,kobert,▁시간이,0.1969939861446619,Other
678,678,2,kobert,했어요,0.1982086554635316,Sentence ending
679,679,2,kobert,되면,0.2052234611473977,Other
680,680,2,kobert,▁없고,0.2056136233732104,Other
681,681,2,kobert,책임,0.2100466922856867,Other
682,682,2,kobert,했고,0.2145773610682226,Other
683,683,2,kobert,▁끝나,0.2188321948051452,Other
684,684,2,kobert,율,0.2209798221010714,Other
685,685,2,kobert,네요,0.2253647568962632,Sentence ending
686,686,2,kobert,▁업무,0.2269458593800664,Other
687,687,2,kobert,▁그래서,0.2280785832554102,Other
688,688,2,kobert,석,0.2313687168061733,Other
689,689,2,kobert,요,0.234188830394241,Sentence ending
690,690,2,kobert,▁여,0.2460510227829218,Other
691,691,2,kobert,▁전세,0.2563844714313745,Other
692,692,2,kobert,죠,0.2673237397548897,Sentence ending
693,693,2,kobert,▁있는데,0.2821307668928057,Other
694,694,2,kobert,어요,0.2973037779940345,Sentence ending
695,695,2,kobert,체육,0.3073004223406315,Other
696,696,2,kobert,세요,0.3089499585406156,Sentence ending
697,697,2,kobert,하세요,0.3463384740192851,Sentence ending
698,698,2,kobert,주세요,0.3839488241743917,Sentence ending
699,699,2,kobert,쎄,0.4636448808014393,Other
700,700,2,multi,씨 ,0.1094984602890576,Other
701,701,2,multi,송,0.1120673663394124,Other
702,702,2,multi,겼,-0.1124034821041277,Other
703,703,2,multi,그래 ,-0.1133509328867982,Other
704,704,2,multi,유 ,0.1161814984844795,Other
705,705,2,multi,돼,0.1168777057250736,Other
706,706,2,multi,많이 ,0.1169587528835336,Other
707,707,2,multi,저희,0.1173359784779677,Addressee term
708,708,2,multi,업체,0.1188442003129542,Other
709,709,2,multi,빨리 ,-0.1189721988345695,Other
710,710,2,multi,냐,-0.1191994678820265,Sentence ending
711,711,2,multi,됐다,-0.1192481807875841,Sentence ending
712,712,2,multi,커,0.1203250611456496,Other
713,713,2,multi,않아,0.1214925358930258,Other
714,714,2,multi,나오,0.1234163001578281,Other
715,715,2,multi,쳤,-0.1238901017163698,Other
716,716,2,multi,발생,0.1239542672637981,Other
717,717,2,multi,다시 ,-0.1244800696040329,Other
718,718,2,multi,단체 ,0.1266734765795263,Other
719,719,2,multi,진 ,0.1270219506761805,Other
720,720,2,multi,유,0.1321224246419206,Other
721,721,2,multi,플,0.136307217841022,Other
722,722,2,multi,했을 ,-0.140266617745965,Other
723,723,2,multi,총,0.1449618167284825,Other
724,724,2,multi,제,0.1486202964188123,Other
725,725,2,multi,이번에 ,0.1499014044857176,Other
726,726,2,multi,조치,-0.1557470864817105,Other
727,727,2,multi,님이,0.1565655261478014,Honorific marker
728,728,2,multi,허,0.1622833824294502,Other
729,729,2,multi,녕,0.1725864064819688,Other
730,730,2,multi,구매 ,0.1761486116270134,Other
731,731,2,multi,실 ,0.1839320904862234,Other
732,732,2,multi,시고,0.1861334307814104,Honorific marker
733,733,2,multi,난,-0.200194563577952,Other
734,734,2,multi,주문,0.2011890460075847,Other
735,735,2,multi,잘 ,0.2109680349171867,Other
736,736,2,multi,제가 ,0.2192111599106108,Addressee term
737,737,2,multi,쵸,0.2195590022456599,Other
738,738,2,multi,되면,0.226262686190239,Other
739,739,2,multi,현 ,0.2323020195258323,Other
740,740,2,multi,예,0.2372162098478949,Honorific marker
741,741,2,multi,셨,0.2390761891820974,Honorific marker
742,742,2,multi,시고 ,0.2408671795265036,Honorific marker
743,743,2,multi,말씀,0.2414439142931807,Honorific marker
744,744,2,multi,분,0.2459736528591065,Honorific marker
745,745,2,multi,합니다,-0.2483531947159463,Sentence ending
746,746,2,multi,전화 ,0.2493214398136842,Other
747,747,2,multi,고객님 ,0.2572469302285753,Honorific marker
748,748,2,multi,요 ,0.2681565176368772,Sentence ending
749,749,2,multi,시는 ,0.2711784393313792,Honorific marker
750,750,2,multi,하실 ,0.2772219505544058,Honorific marker
751,751,2,multi,저는 ,0.2847585995018562,Addressee term
752,752,2,multi,연락처,0.2903859321004347,Other
753,753,2,multi,저희 ,0.302117650703849,Addressee term
754,754,2,multi,드릴,0.3061104673101845,Honorific marker
755,755,2,multi,님 ,0.3112512038581599,Honorific marker
756,756,2,multi,1,0.3117198169857147,Other
757,757,2,multi,하시면 ,0.3199711508539167,Honorific marker
758,758,2,multi,씨,0.3447883095450689,Other
759,759,2,multi,제가,0.3532672167539203,Addressee term
760,760,2,multi,하시,0.3654162751474246,Honorific marker
761,761,2,multi,해요 ,0.378337800166264,Sentence ending
762,762,2,multi,아닐까,0.3804416285984189,Other
763,763,2,multi,님,0.3857271434241658,Honorific marker
764,764,2,multi,군요,0.4338333487016825,Sentence ending
765,765,2,multi,분 ,0.4577656418186961,Honorific marker
766,766,2,multi,가요 ,0.4685000901712328,Sentence ending
767,767,2,multi,연락 ,0.4713077759915904,Other
768,768,2,multi,주시면 ,0.4989272762195469,Honorific marker
769,769,2,multi,죠 ,0.4996694538376687,Sentence ending
770,770,2,multi,했어요 ,0.4997662109822158,Sentence ending
771,771,2,multi,네,0.5359924609408608,Honorific marker
772,772,2,multi,주세요,0.5515074401504535,Sentence ending
773,773,2,multi,저도 ,0.6076058165022005,Addressee term
774,774,2,multi,했어요,0.6260748148849871,Sentence ending
775,775,2,multi,잖아요,0.6678228228273326,Sentence ending
776,776,2,multi,까요,0.6729753671029294,Sentence ending
777,777,2,multi,네요 ,0.6962217543685938,Sentence ending
778,778,2,multi,데요,0.7130121579825186,Sentence ending
779,779,2,multi,가요,0.7230836017338333,Sentence ending
780,780,2,multi,어요,0.7254119768146315,Sentence ending
781,781,2,multi,거든요,0.740571980388836,Sentence ending
782,782,2,multi,요,0.7478380639022396,Sentence ending
783,783,2,multi,죠,0.7916546082085848,Sentence ending
784,784,2,multi,안녕하세요,0.811899453929982,Sentence ending
785,785,2,multi,네요,0.8150703347038888,Sentence ending
786,786,2,multi,세요,0.8261883884853854,Sentence ending
787,787,2,multi,해요,0.8617663896704401,Sentence ending
788,788,2,multi,인데요,0.8812795770537983,Sentence ending
789,789,2,multi,는데요,0.9101496113151076,Sentence ending
790,790,2,multi,이에요,0.915371759531278,Sentence ending
791,791,2,multi,겠죠 ,0.9275020783134096,Sentence ending
792,792,2,multi,거죠,0.9323347263961635,Sentence ending
793,793,2,multi,보세요,0.9379744165021292,Sentence ending
794,794,2,multi,있어요,0.9623587967663524,Sentence ending
795,795,2,multi,해주세요,0.984675097744912,Sentence ending
796,796,2,multi,하세요,0.9904982759722998,Sentence ending
797,797,2,multi,좋아요,0.9969552223953996,Sentence ending
798,798,2,multi,하네요,0.999539930234448,Sentence ending
799,799,2,multi,같아요,0.9995511695046844,Sentence ending
800,800,1,kobert,▁나는,0.1198171351570636,Addressee term
801,801,1,kobert,▁잡,0.1201940397731959,Other
802,802,1,kobert,탈,0.1205773402471095,Other
803,803,1,kobert,▁가는,0.1205964528489857,Other
804,804,1,kobert,들이,0.1208532792516052,Other
805,805,1,kobert,▁쪽,0.1209967051108833,Other
806,806,1,kobert,줘야,0.1210054217954166,Sentence ending
807,807,1,kobert,▁진행,0.1210196859901771,Other
808,808,1,kobert,버리,0.1212698944145813,Other
809,809,1,kobert,없이,0.1212908055749721,Other
810,810,1,kobert,▁좀,0.1214544458812775,Other
811,811,1,kobert,실,0.1214691994828172,Other
812,812,1,kobert,▁물,0.1234539633539194,Other
813,813,1,kobert,▁후,0.1244916157011175,Other
814,814,1,kobert,가,0.1248664240235181,Other
815,815,1,kobert,▁상,0.1263163611583877,Other
816,816,1,kobert,▁현재,0.1263668462634086,Other
817,817,1,kobert,시,0.1276354881681618,Other
818,818,1,kobert,것,0.1300599909154698,Other
819,819,1,kobert,드리,0.131973091763939,Honorific marker
820,820,1,kobert,과,0.1327553486335091,Other
821,821,1,kobert,갑,0.1329012979531398,Other
822,822,1,kobert,마트,0.1353950432967394,Other
823,823,1,kobert,윌,0.1386557666701264,Other
824,824,1,kobert,쇼,0.1403342563426122,Other
825,825,1,kobert,셔,0.1486423738485124,Other
826,826,1,kobert,▁예,0.149846353108182,Honorific marker
827,827,1,kobert,됩,0.1514238996460335,Other
828,828,1,kobert,▁설명,0.1517924604122527,Other
829,829,1,kobert,되는,0.1526125618256628,Other
830,830,1,kobert,▁해,0.1532887891225982,Sentence ending
831,831,1,kobert,▁한번,0.1548471606996221,Other
832,832,1,kobert,녕,0.1576370996190235,Other
833,833,1,kobert,목,0.1578906497161369,Other
834,834,1,kobert,하도록,0.1607203023158945,Other
835,835,1,kobert,▁뒤,0.1635294484440237,Other
836,836,1,kobert,▁하는,0.163918307836866,Other
837,837,1,kobert,급,0.1649296748219058,Other
838,838,1,kobert,▁있겠,0.1674004783271812,Other
839,839,1,kobert,터,0.1681743571534752,Other
840,840,1,kobert,▁번,0.1682483116164803,Other
841,841,1,kobert,닙,0.169135007483419,Other
842,842,1,kobert,었던,0.1742361347423866,Other
843,843,1,kobert,▁누,0.1743696054909378,Other
844,844,1,kobert,니까,0.1751891615488355,Other
845,845,1,kobert,!,0.1814347583179672,Other
846,846,1,kobert,▁생활,0.185354521498084,Other
847,847,1,kobert,▁혼자,0.1856267368420958,Other
848,848,1,kobert,▁승리,0.1866698318626731,Other
849,849,1,kobert,십,0.1884862135940286,Other
850,850,1,kobert,▁듯,0.1941927089355886,Other
851,851,1,kobert,동,0.2007067872909829,Other
852,852,1,kobert,▁감사,0.2008658566628582,Honorific marker
853,853,1,kobert,지가,0.2105335230007767,Other
854,854,1,kobert,▁설정,0.2125888736918568,Other
855,855,1,kobert,습니까,0.2142876779350141,Sentence ending
856,856,1,kobert,▁많이,0.2155898885102942,Other
857,857,1,kobert,▁새로운,0.2163006599294021,Other
858,858,1,kobert,▁소송,0.217458005528897,Other
859,859,1,kobert,▁송,0.2177236857824027,Other
860,860,1,kobert,에서,0.217774826916866,Other
861,861,1,kobert,수,0.2183211829978972,Other
862,862,1,kobert,▁책,0.2185385320335626,Other
863,863,1,kobert,있는,0.2192609501071274,Other
864,864,1,kobert,▁4,0.2193229563999921,Other
865,865,1,kobert,▁자원,0.2204227310139686,Other
866,866,1,kobert,▁그러,0.221522863022983,Other
867,867,1,kobert,방,0.2219855776056647,Other
868,868,1,kobert,▁식사,0.2238604263402521,Other
869,869,1,kobert,드립니다,0.225590405985713,Sentence ending
870,870,1,kobert,▁떨,0.2261107126250863,Other
871,871,1,kobert,▁자리를,0.2271634126082062,Other
872,872,1,kobert,▁시간이,0.2289451165124774,Other
873,873,1,kobert,▁사람들,0.2292911326512694,Other
874,874,1,kobert,었습니다,0.2301815572136547,Sentence ending
875,875,1,kobert,니다,0.2330401906801853,Other
876,876,1,kobert,▁하지만,0.2332674036733806,Other
877,877,1,kobert,▁다음,0.2369670146144926,Other
878,878,1,kobert,들은,0.23756405164022,Other
879,879,1,kobert,▁담배,0.2381418963195756,Other
880,880,1,kobert,▁의무,0.2382963704876601,Other
881,881,1,kobert,▁불편,0.2393284798599779,Other
882,882,1,kobert,됐습니다,0.2395057114190422,Sentence ending
883,883,1,kobert,▁국민,0.2400235710665583,Other
884,884,1,kobert,대,0.2400318116415292,Other
885,885,1,kobert,▁문,0.2442240143427625,Other
886,886,1,kobert,됩니다,0.2481009587257479,Sentence ending
887,887,1,kobert,했습니다,0.2555156297887151,Sentence ending
888,888,1,kobert,겠습니다,0.2618601965020361,Sentence ending
889,889,1,kobert,▁겁니다,0.2727982237896261,Sentence ending
890,890,1,kobert,...,0.2793369926512241,Other
891,891,1,kobert,▁1,0.2848105465236585,Other
892,892,1,kobert,습니다,0.2865483134449459,Sentence ending
893,893,1,kobert,▁합,0.3325349800288677,Other
894,894,1,kobert,▁있습니다,0.3422303824419422,Sentence ending
895,895,1,kobert,▁합니다,0.3475917381874751,Sentence ending
896,896,1,kobert,입니다,0.3493742766440846,Sentence ending
897,897,1,kobert,합니다,0.3511380563490093,Sentence ending
898,898,1,kobert,▁선생님,0.4343611961230635,Honorific marker
899,899,1,kobert,▁것입니다,0.4840169339440763,Sentence ending
900,900,1,multi,계약,-0.0614593779166625,Other
901,901,1,multi,젭,0.0615500415883616,Other
902,902,1,multi,관련 ,0.0618049126483128,Other
903,903,1,multi,설,0.0625182255633944,Other
904,904,1,multi,득,0.0625229353014447,Other
905,905,1,multi,부족,0.0632800751632203,Other
906,906,1,multi,요 ,-0.0635331187812084,Sentence ending
907,907,1,multi,님,0.0667846884905088,Honorific marker
908,908,1,multi,요,-0.0689694961670284,Sentence ending
909,909,1,multi,라이,0.0707699486066909,Other
910,910,1,multi,녹,0.0740309731323805,Other
911,911,1,multi,목 ,0.0755383011191952,Other
912,912,1,multi,할,0.0775969339520088,Other
913,913,1,multi,같은 ,0.0777112465156619,Other
914,914,1,multi,으,0.0795630036675447,Other
915,915,1,multi,정말 ,-0.0842321534556352,Other
916,916,1,multi,보여주,0.0871193765066777,Other
917,917,1,multi,답니다,0.089857159855569,Sentence ending
918,918,1,multi,드,0.0929035013510477,Other
919,919,1,multi,서비스,0.0939883669973937,Other
920,920,1,multi,어렵,0.0989656987769649,Other
921,921,1,multi,뇨,0.0997384427662382,Other
922,922,1,multi,갈,0.1041689404964927,Other
923,923,1,multi,든,0.1082334206824953,Other
924,924,1,multi,리가 ,0.1137893089990029,Other
925,925,1,multi,헷,0.1145579024423568,Other
926,926,1,multi,시기 ,0.1155899280101948,Other
927,927,1,multi,집중,0.1181909469594302,Other
928,928,1,multi,냅,0.1225290016145663,Other
929,929,1,multi,떨어,-0.123687478143438,Sentence ending
930,930,1,multi,후 ,0.1239454350588857,Other
931,931,1,multi,해도 ,-0.1243926040262977,Other
932,932,1,multi,녕,0.1269576238294689,Other
933,933,1,multi,절차,0.1282060823828033,Other
934,934,1,multi,송,0.1320887346725742,Other
935,935,1,multi,올 ,0.1322707949642563,Other
936,936,1,multi,시,0.1346970284130103,Other
937,937,1,multi,꿔 ,0.1362487040403266,Other
938,938,1,multi,드리,0.1365753354058725,Honorific marker
939,939,1,multi,점 ,0.1385899175886606,Other
940,940,1,multi,영광,0.1388071639746613,Other
941,941,1,multi,공항 ,0.1416220417709155,Other
942,942,1,multi,만 ,0.1443913109645791,Other
943,943,1,multi,괜찮,-0.145613576031792,Other
944,944,1,multi,됩,0.1629244028935469,Other
945,945,1,multi,하도록 ,0.1694115690611397,Other
946,946,1,multi,셨,0.1814657157796091,Honorific marker
947,947,1,multi,입,0.1825672845003509,Other
948,948,1,multi,겠,0.2028634283602552,Other
949,949,1,multi,듭,0.2035722579579442,Other
950,950,1,multi,합,0.2201041546877604,Other
951,951,1,multi,깝,0.222756925001363,Other
952,952,1,multi,연락,0.2323774223582404,Other
953,953,1,multi,파악,0.2382467483254231,Other
954,954,1,multi,옵,0.2624372001911865,Other
955,955,1,multi,닙,0.2846402680692108,Other
956,956,1,multi,죠,0.3065965256018899,Sentence ending
957,957,1,multi,십,0.3591655835352867,Other
958,958,1,multi,예 ,0.3598462462739462,Honorific marker
959,959,1,multi,예,0.3841751450116248,Honorific marker
960,960,1,multi,선생님,0.4146205439747064,Honorific marker
961,961,1,multi,겠습니다 ,0.4271648200290769,Sentence ending
962,962,1,multi,시다,0.4458112499463027,Sentence ending
963,963,1,multi,합니다 ,0.4500752536364416,Sentence ending
964,964,1,multi,말씀,0.4926205511874286,Honorific marker
965,965,1,multi,옵니다,0.5559961975038163,Sentence ending
966,966,1,multi,쇼,0.6570622690575192,Other
967,967,1,multi,니까,0.6777985244758611,Other
968,968,1,multi,렸습니다,0.7041306491330488,Sentence ending
969,969,1,multi,부탁드립니다,0.7519243206920692,Sentence ending
970,970,1,multi,겁니다,0.775818246119646,Sentence ending
971,971,1,multi,셨습니다,0.7873469642085335,Honorific marker
972,972,1,multi,겠습니다,0.8092635388122517,Sentence ending
973,973,1,multi,하겠습니다,0.809998458631248,Sentence ending
974,974,1,multi,십니다,0.8233352511400653,Sentence ending
975,975,1,multi,니다,0.8253838187306807,Other
976,976,1,multi,바랍니다,0.8296319727287482,Sentence ending
977,977,1,multi,됩니다,0.8624920239465533,Sentence ending
978,978,1,multi,했습니다,0.8687987327945393,Sentence ending
979,979,1,multi,봅니다,0.8775422481045325,Sentence ending
980,980,1,multi,시겠습니까,0.8777148461716706,Sentence ending
981,981,1,multi,합니다,0.8784708548542776,Sentence ending
982,982,1,multi,감사합니다,0.8800198897511109,Sentence ending
983,983,1,multi,습니까,0.8837425092235975,Sentence ending
984,984,1,multi,없습니다,0.9238382720150184,Sentence ending
985,985,1,multi,하십시오,0.9244624287888428,Sentence ending
986,986,1,multi,습니다,0.9314152237198527,Sentence ending
987,987,1,multi,있습니다,0.9329953574455364,Sentence ending
988,988,1,multi,같습니다,0.9354079188797186,Sentence ending
989,989,1,multi,입니다,0.9491194876339514,Sentence ending
990,990,1,multi,않습니다,0.9505473299867616,Sentence ending
991,991,1,multi,아닙니다,0.9604952183578916,Sentence ending
992,992,1,multi,많습니다,0.9654819893194144,Sentence ending
993,993,1,multi,십시오,0.9779146512550672,Sentence ending
994,994,1,multi,좋습니다,0.986204598758036,Sentence ending
995,995,1,multi,었습니다,0.9957494491591206,Sentence ending
996,996,1,multi,되었습니다,0.9985130453710552,Sentence ending
997,997,1,multi,생각합니다,0.9988745309683508,Sentence ending
998,998,1,multi,집니다,0.9990099490278226,Sentence ending
999,999,1,multi,것입니다,0.9995169436515424,Sentence ending
